PaperID,TaxonomicName,Family,Genus,ScientificName,Source,
CD072,Porites daedalea,Poritidae,Porites,Porites daedalea,,
CD072,Porites spp,Poritidae,Porites,,,
CD073,Acropora,Acroporidae,Acropora,,Table 2,
CD073,Astreopora,Acroporidae,Astreopora,,Table 2,
CD073,Montipora,Acroporidae,Montipora,,Table 2,
CD073,Pocillopora,Pocilloporidae,Pocillopora,,Table 2,
CD073,Gardineroseris,Agariciidae,Gardineroseris,,Table 2,
CD073,Favia,Faviidae,Favia,,Table 2,
CD073,Favites,Merulinidae,Favites,,Table 2,
CD073,Goniastrea,Merulinidae,Goniastrea,,Table 2,
CD073,Leptastrea,Leptastreidae,Leptastrea,,Table 2,
CD073,Platygyra,Merulinidae,Platygyra,,Table 2,
CD073,Hydnophora,Merulinidae,Hydnophora,,Table 2,
CD073,Porites,Poritidae,Porites,,Table 2,
CD074,Siderastrea siderea,Rhizangiidae,Siderastrea,Siderastrea siderea,Figure 2,
CD075,Montastraea cavernosa,Montastraeidae,Montastraea,Montastraea cavernosa,Figure 4,
CD075,Meandrina meandrites,Meandrinidae,Meandrina,Meandrina meandrites,Figure 4,
CD075,Acropora cervicornis,Acroporidae,Acropora,Acropora cervicornis,Results White syndrome outbreak coincides with coral community declines,
CD075,Dichocoenia stokesii,Meandrinidae,Dichocoenia,Dichocoenia stokesii,Figure 4,
CD075,Stephanocoenia intersepta,Astrocoeniidae,Stephanocoenia,Stephanocoenia intersepta,Figure 4,
CD075,Eusmilia fastigiata,Meandrinidae,Eusmilia,Eusmilia fastigiata,Figure 4,
CD075,Siderastrea siderea,Rhizangiidae,Siderastrea,Siderastrea siderea,Figure 4,
CD075,Agaricia sp,Agariciidae,Agaricia,,Figure 4,
CD075,Orbicella sp,Merulinidae,Orbicella,,Figure 4,
CD075,Solenastrea bournoni,,Solenastrea,Solenastrea bournoni,Figure 4,
CD076,Acropora cervicornis,Acroporidae,Acropora,,Table 1,
CD076,Acropora palmata,Acroporidae,Acropora,,Table 1,
CD076,Acropora prolifera,Acroporidae,Acropora,,Table 1,
CD076,Agaricia agaricites,Agariciidae,Agaricia,,Table 1,
CD076,Agaricia fragilis,Agariciidae,Agaricia,,Table 1,
CD076,Agaricia humilis,Agariciidae,Agaricia,,Table 1,
CD076,Agaricia lamarcki,Agariciidae,Agaricia,,Table 1,
CD076,Agaricia tenufolia,Agariciidae,Agaricia,,Table 1,
CD076,Agaricia undata,Agariciidae,Agaricia,,Table 1,
CD076,Colpophyllia natans,Faviidae,Colpophyllia,,Table 1,
CD076,Dendrogyra cylindrus,Meandrinidae,Dendrogyra,,Table 1,
CD076,Dichocoenia stokesi,Meandrinidae,Dichocoenia,Dichocoenia stokesii,Table 1,
CD076,Diploria clivosa,Faviidae,Diploria,,Table 1,
CD076,Diploria labyrinthiformes,Faviidae,Diploria,,Table 1,
CD076,Diploria strigosa,Faviidae,Diploria,,Table 1,
CD076,Isophyllastrea rigida,Faviidae,Isophyllia,,Table 1,
CD076,Madracis decactis,Pocilloporidae,Madracis,,Table 1,
CD076,Madracis mirabilis,Pocilloporidae,Madracis,,Table 1,
CD076,Meandrina meandrites,Meandrinidae,Meandrina,,Table 1,
CD076,Montastraea annularis,Montastraeidae,Montastraea,Montastraea annularis,Table 1,
CD076,Montastraea cavernosa,Montastraeidae,Montastraea,Montastraea cavernosa,Table 1,
CD076,Montastraea faveolata,Montastraeidae,Montastraea,Montastraea faveolata,Table 1,
CD076,Montastraea franksi,Montastraeidae,Montastraea,Montastraea franksi,Table 1,
CD076,Mycetophyllia aliciae,Faviidae,Mycetophyllia,,Table 1,
CD076,Mycetophyllia danaada,Faviidae,Mycetophyllia,,Table 1,
CD076,Mycetophyllia ferox,Faviidae,Mycetophyllia,,Table 1,
CD076,Mycetophyllia lamarkiana,Faviidae,Mycetophyllia,,Table 1,
CD076,Oculina robusta,Oculinidae,Oculina,,Table 1,
CD076,Porites asteroides,Poritidae,Porites,,Table 1,
CD076,Porites 'branneri',Poritidae,Porites,,Table 1,
CD076,Porites divericata,Poritidae,Porites,,Table 1,
CD076,Porites furcata,Poritidae,Porites,,Table 1,
CD076,Porites porites,Poritidae,Porites,,Table 1,
CD076,Scolymia sp,Faviidae,Scolymia,,Table 1,
CD076,Siderastrea siderea,Rhizangiidae,Siderastrea,Siderastrea siderea,Table 1,
CD076,Siderastrea radians,Rhizangiidae,Siderastrea,Siderastrea radians,Table 1,
CD076,Solenastrea bournoni,,Solenastrea,Solenastrea bournoni,Table 1,
CD076,Stephanocoenia intersepta,Astrocoeniidae,Stephanocoenia,Stephanocoenia intersepta,Table 1,
CD077,Porites lutea,Poritidae,Porites,,Figure 2,
CD077,Oxypora lacera,Lobophylliidae,Oxypora,,,
CD077,Pachyseries speciosa,,Pachyseris,,,incertae sedis
CD077,Acropora cytherea,Acroporidae,Acropora,,,
CD077,Acropora nobilis,Acroporidae,Acropora,,,
CD079,Porites lobata,Poritidae,Porites,,,
CD080,Acropora solitaryensis,Acroporidae,Acropora,,,
CD080,Acropora japonica,Acroporidae,Acropora,,,
CD081,Agaricia spp,Agariciidae,Agaricia,,,
CD081,Corpophyllia natans,Faviidae,Colpophyllia,,,
CD081,Diploria strigosa,Faviidae,Diploria,,,
CD081,Eusmilia fastigiata,Meandrinidae,Eusmilia,,,
CD081,Madracis auretenra,Pocilloporidae,Madracis,,,
CD081,Meandrina meandrites,Meandrinidae,Meandrina,,,
CD081,Millepora alcicornis,Milleporidae,Millepora,,,
CD081,Millepora complanata,Milleporidae,Millepora,,,
CD081,Montastrea cavernosa,Montastraeidae,Montastraea,,,
CD081,Mycetophyllia spp,Faviidae,Mycetophyllia,,,
CD081,Orbicella annularis,Merulinidae,Orbicella,,,
CD081,Orbicella faveolata,Merulinidae,Orbicella,,,
CD081,Orbicella franksi,Merulinidae,Orbicella,,,
CD081,Porites astreoides,Poritidae,Porites,,,
CD081,Porites porites,Poritidae,Porites,,,
CD081,Siderastrea spp,Rhizangiidae,Siderastrea,,,
CD082,Montastraea faveolata,Montastraeidae,Montastraea,,,
CD082,Montastraea franksi,Montastraeidae,Montastraea,,,
CD082,Dendrogyra cylindrus,Meandrinidae,Dendrogyra,,,
CD082,Diploria strigosa,Faviidae,Diploria,,,
CD082,Diploria labyrinthiformes,Faviidae,Diploria,,,
CD082,Colpophyllia natans,Faviidae,Colpophyllia,,,
CD082,Stephanocoenia,Astrocoeniidae,Stephanochoenia,,,
CD082,Montastraea cavernosa,Montastraeidae,Montastraea,,,
CD082,Siderastrea siderea,Rhizangiidae,Siderastrea,,,
CD082,Mycetophyllia spp,Faviidae,Mycetophyllia,,,
CD082,Meandrina spp,Meandrinidae,Meandrina,,,
CD082,Eusmilia fastigiata,Meandrinidae,Eusmilia,,,
CD083,Siderastrea spp,Rhizangiidae,Siderastrea,,,
CD083,Montastraea cavernosa,Montastraeidae,Montastraea,,,
CD084,Acanthastrea,Lobophylliidae,Acanthastrea,,S1.1,
CD084,Alveopora,Acroporidae,Alveopora,,S1.1,
CD084,Astreopora,Acroporidae,Astreopora,,S1.1,
CD084,Cyphastrea,Merulinidae,Cyphastrea,,S1.1,
CD084,Diploastrea,Diploastreidae,Diploastrea,,S1.1,
CD084,Favia,Faviidae,Favia,,S1.1,
CD084,Favites,Merulinidae,Favites,,S1.1,
CD084,Fungiidae,Fungiidae,,,S1.1,
CD084,Goniastrea,Merulinidae,Goniastrea,,S1.1,
CD084,Goniopora,Poritidae,Goniopora,,S1.1,
CD084,Leptastrea,Leptastreidae,Leptastrea,,S1.1,
CD084,Leptoria,Merulinidae,Leptoria,,S1.1,
CD084,Leptoseris,Agariciidae,Leptoseris,,S1.1,
CD084,Lobophyllia,Lobophylliidae,Lobophyllia,,S1.1,
CD084,Montastrea,Montastraeidae,Montastraea,,S1.1,
CD084,Moseleya,Lobophylliidae,Moseleya,,S1.1,
CD084,Oulophyllia,Merulinidae,Oulophyllia,,S1.1,
CD084,Platygyra,Merulinidae,Platygyra,,S1.1,
CD084,massive Porites,Poritidae,Porites,,S1.1,
CD084,Symphyllia,Faviidae,Symphyllia,,S1.1,
CD084,tabular Acropora,Acroporidae,Acropora,,S1.1,
CD084,Echinophyllia,Lobophylliidae,Echinophyllia,,S1.1,
CD084,plating Echinopora,Merulinidae,Echinopora,,S1.1,
CD084,Galaxea,Oculiniidae,Galaxea,,S1.1,
CD084,Merulina,Merulinidae,Merulina,,S1.1,
CD084,plating Montipora,Acroporidae,Montipora,,S1.1,
CD084,Mycedium,Merulinidae,Mycedium,,S1.1,
CD084,Oxypora,Lobophylliidae,Oxypora,,S1.1,
CD084,Pachyseris,,Pachyseris,,S1.1,incertae sedis
CD084,Pectinia,Merulinidae,Pectinia,,S1.1,
CD084,Podabacia,Fungiidae,Podabacia,,S1.1,
CD084,Turbinaria,Dendrophyllidae,Turbinaria,,S1.1,
CD084,bushy Acropora,Acroporidae,Acropora,,S1.1,
CD084,digitate Acropora,Acroporidae,Acropora,,S1.1,
CD084,staghorn Acropora,Acroporidae,Acropora,,S1.1,
CD084,Anacropora,Acroporidae,Anacropora,,S1.1,
CD084,Australogyra,Merulinidae,Australogyra,,S1.1,
CD084,branching Echinopora,Merulinidae,Echinopora,,S1.1,
CD084,Hydnophora,Merulinidae,Hydnophora,,S1.1,
CD084,Isopora,Acroporidae,Isopora,,S1.1,
CD084,branching Montipora,Acroporidae,Montipora,,S1.1,
CD084,Palauastrea,Astrocoeniidae,Palauastrea,,S1.1,
CD084,Paraclavarina,Merulinidae,Merulina,,S1.1,
CD084,Pavona,Agariciidae,Pavona,,S1.1,
CD084,branching Pocillopora,Pocilloporidae,Pocillopora,,S1.1,
CD084,Branching Porites,Poritidae,Porites,,S1.1,
CD084,Psammocora,Psammocoridae,Psammocora,,S1.1,
CD084,Seriatopora,Pocilloporidae,Seriatopora,,S1.1,
CD084,Stylophora,Pocilloporidae,Stylophora,,S1.1,
CD085,Acropora eurystoma,Acroporidae,Acropora,,Material and Methods Field censuses,
CD086,Acropora palmata,Acroporidae,Acropora,,Discussion Disease dynamics and impact within variable coral communities p130,
CD087,Diploastrea,Diploastreidae,Diploastrea,,,
CD087,Fungia,Fungiidae,Fungia,,,
CD088,Porites,Poritidae,Porites,,,
CD088,Pocillopora,Pocilloporidae,Pocillopora,,,
CD088,Pavona varians,Agariciidae,Pavona,,,
CD088,Montipora,Acroporidae,Montipora,,,
CD089,Diploria strigosa,Faviidae,Diploria,,,
CD089,Diploria labyrinthiformes,Faviidae,Diploria,,,
CD089,Montastrea annularis,Montastraeidae,Montastraea,,,
CD089,Montastrea cavernosa,Montastraeidae,Montastraea,,,
CD089,Siderastrea siderea,Rhizangiidae,Siderastrea,,,
CD089,Colpophyllia natans,Faviidae,Colpophyllia,,,
CD090,Pavona clavus,Agariciidae,Pavona,,,
CD091,S siderea,Rhizangiidae,Siderastrea,,,
CD091,M annularis,Montastraeidae,Montastraea,,,
CD092,Diploria strigosa,Faviidae,Diploria,,,
CD092,Diploria labyrinthiformes,Faviidae,Diploria,,,
CD092,Montastraea cavernosa,Montastraeidae,Montastraea,,,
CD092,Montastraea franksi,Montastraeidae,Montastraea,,,
CD092,Porites asteroides,Poritidae,Porites,,,
CD093,Montastraea annularis species complex,Montastraeidae,Montastraea,,,
CD094,Porites solida,Poritidae,Porites,,,
CD094,Porites mayeri,Poritidae,Porites,,,
CD094,Porites lutea,Poritidae,Porites,,,
CD094,Porites lobata,Poritidae,Porites,,,
CD094,Porites australiensis,Poritidae,Porites,,,
CD094,Porites murrayensis,Poritidae,Porites,,,
CD094,Porites stephensoni,Poritidae,Porites,,,
CD094,Porites densa,Poritidae,Porites,,,
CD094,Porites cylindrica,Poritidae,Porites,,,
CD094,Porites attenuata,Poritidae,Porites,,,
CD094,Porites nigrescens,Poritidae,Porites,,,
CD095,D stokesi,Meandrinidae,Dichocoenia,,,
CD095,D clivosa,Faviidae,Diploria,,,
CD095,D strigosa,Faviidae,Diploria,,,
CD095,S siderea,Rhizangiidae,Siderastrea,,,
CD095,M cavernosa,Montastraeidae,Montastraea,,,
CD095,S michelinii,Astrocoeniidae,Stephanocoenia,,,
CD096,Acropora muricata,Acroporidae,Acropora,,,
CD097,Acropora palmata,Acroporidae,Acropora,,,
CD099,Acropora cervicornis,Acroporidae,Acropora,,,
CD098,Montastraea franksi,Montastraeidae,Montastraea,,,
CD098,Acropora palmata,Acroporidae,Acropora,,,
CD098,Siderastrea siderea,Rhizangiidae,Siderastrea,,,
CD098,Montastraea faveolata,Montastraeidae,Montastraea,,,
CD098,Acropora cervicornis,Acroporidae,Acropora,,,
CD098,Agaricia agaricites,Agariciidae,Agaricia,,,
CD098,Colpophyllia natans,Faviidae,Colpophyllia,,,
CD098,Dendrogyra cylindrus,Meandrinidae,Dendrogyra,,,
CD098,Dichocoenia stokesii,Meandrinidae,Dichocoenia,,,
CD098,Diploria labyrinthiformes,Faviidae,Diploria,,,
CD098,Diploria strigosa,Faviidae,Diploria,,,
CD098,Isophyllastrea rigida,Faviidae,Isophyllia,,,
CD098,Leptoseris cucullata,Agariciidae,Leptoseris,,,
CD098,Meandrina meandrites,Meandrinidae,Meandrina,,,
CD098,Mycetophillia danaana,Faviidae,Mycetophyllia,,,
CD098,Stephanocoenia mechelinii,Astrocoeniidae,Stephanochoenia,,,
CD100,Psammocora,Psammocoridae,Psammocora,,,
CD100,Goniopora,Poritidae,Goniopora,,,
CD100,Pavona,Agariciidae,Pavona,,,
CD100,Acropora,Acroporidae,Acropora,,,
CD100,Pocillopora,Pocilloporidae,Pocillopora,,,
CD100,Porites,Poritidae,Porites,,,
CD100,Cyphastrea,Merulinidae,Cyphastrea,,,
CD100,Favia,Faviidae,Favia,,,
CD100,Favites,Merulinidae,Favites,,,
CD100,Fungia,Fungiidae,Fungia,,,
CD100,Echinopora,Merulinidae,Echinopora,,,
CD100,Gardineroseris,Agariciidae,Gardineroseris,,,
CD100,Goniastrea,Merulinidae,Goniastrea,,,
CD100,Hydnophora,Merulinidae,Hydnophora,,,
CD100,Isopora,Acroporidae,Isopora,,,
CD100,Leptastrea,Leptastreidae,Leptastrea,,,
CD100,Leptoria,Merulinidae,Leptoria,,,
CD100,Montipora,Acroporidae,Montipora,,,
CD100,Platygyra,Merulinidae,Platygyra,,,
CD101,Porites,Poritidae,Porites,,,
CD101,Diploastrea,Diploastreidae,Diploastrea,,,
CD101,Platygyra,Merulinidae,Platygyra,,,
CD101,Montastrea,Montastraeidae,Montastraea,,,
CD101,Favia,Faviidae,Favia,,,
CD101,Goniastrea,Merulinidae,Goniastrea,,,
Meyers & Raymundo 2009,Poritidae,Poritidae,,,Figure 3,
Meyers & Raymundo 2009,Pocilloporidae,Pocilloporidae,,,Figure 3,
Meyers & Raymundo 2009,Acroporidae,Acroporidae,Acropora,,Figure 3,
Meyers & Raymundo 2009,Milleporidae,Milleporidae,,,Figure 3,
Meyers & Raymundo 2009,Agariciidae,Agariciidae,Agaricia,,Figure 3,
Meyers & Raymundo 2009,Faviidae,Faviidae,,,Figure 3,
Meyers & Raymundo 2009,Mussidae,Faviidae,,,Figure 3,
Meyers & Raymundo 2009,Merulinidae,Merulinidae,,,Figure 3,
Meyers & Raymundo 2009,Siderastreidae,Rhizangiidae,,,Figure 3,
Meyers & Raymundo 2009,Fungiidae,Fungiidae,,,Figure 3,
Meyers & Raymundo 2009,Pectinidae,Lobophylliidae/Merulinidae,,,Figure 3,Name no longer used
Meyers & Raymundo 2009,Oculinidae,Oculinidae,,,Figure 3,
CD102,Acropora cervicornis,Acroporidae,Acropora,,Table 2,
CD102,Acropora palmata,Acroporidae,Acropora,,Table 2,
CD102,Agaricia agaricites,Agariciidae,Agaricia,,Table 2,
CD102,Agaricia fragilis,Agariciidae,Agaricia,,Table 2,
CD102,Agaricia grahamae,Agariciidae,Agaricia,,Table 2,
CD102,Agaricia humilis,Agariciidae,Agaricia,,Table 2,
CD102,Agaricia lamarcki,Agariciidae,Agaricia,,Table 2,
CD102,Agaricia tenufolia,Agariciidae,Agaricia,,Table 2,
CD102,Colpophyllia natans,Faviidae,Colpophyllia,,Table 2,
CD102,Dichocoenia stokesi,Meandrinidae,Dichocoenia,,Table 2,
CD102,Diploria clivosa,Faviidae,Diploria,,Table 2,
CD102,Diploria labyrinthiformes,Faviidae,Diploria,,Table 2,
CD102,Diploria strigosa,Faviidae,Diploria,,Table 2,
CD102,Eusmilia fastigiata,Meandrinidae,Eusmilia,,Table 2,
CD102,Favia fragum,Faviidae,Favia,,Table 2,
CD102,Helioseris cucullata,Agariciidae,Helioseris,,Table 2,
CD102,Isophyllastrea rigida,Faviidae,Isophyllia,,Table 2,
CD102,Madracis decactis,Pocilloporidae,Madracis,,Table 2,
CD102,Madracis mirabilis,Pocilloporidae,Madracis,,Table 2,
CD102,Meandrina meandrites,Meandrinidae,Meandrina,,Table 2,
CD102,Millepora alcicornis,Milleporidae,Millepora,,Table 2,
CD102,Millepora complanata,Milleporidae,Millepora,,Table 2,
CD102,Montastraea annularis,Montastraeidae,Montastraea,,Table 2,
CD102,Montastraea cavernosa,Montastraeidae,Montastraea,,Table 2,
CD102,Montastraea faveolata,Montastraeidae,Montastraea,,Table 2,
CD102,Montastraea franksi,Montastraeidae,Montastraea,,Table 2,
CD102,Mycetophyllia aliciae,Faviidae,Mycetophyllia,,Table 2,
CD102,Mycetophyllia ferox,Faviidae,Mycetophyllia,,Table 2,
CD102,Mycetophyllia lamarckiana,Faviidae,Mycetophyllia,,Table 2,
CD102,Porites asteroides,Poritidae,Porites,,Table 2,
CD102,Porites porites,Poritidae,Porites,,Table 2,
CD102,Siderastrea radians,Rhizangiidae,Siderastrea,,Table 2,
CD102,Siderastrea siderea,Rhizangiidae,Siderastrea,,Table 2,
CD102,Stephanocoenia intersepta,Astrocoeniidae,Stephanochoenia,,Table 2,
CD102,Stephanocoenia michelini,Astrocoeniidae,Stephanochoenia,,Table 2,
CD103,Other Pocilloporids,Pocilloporidae,,,Table 1,
CD103,Pocillopora eydouxi,Pocilloporidae,Pocillopora,,Table 1,
CD103,Pocillopora meandrina,Pocilloporidae,Pocillopora,,Table 1,
CD103,Pocillopora verrucosa,Pocilloporidae,Pocillopora,,Table 1,
CD103,Seriatopora spp,Pocilloporidae,Seriatopora,,Table 1,
CD103,Seriatopora hystrix,Pocilloporidae,Seriatopora,,Table 1,
CD103,Pocillopora damicornis,Pocilloporidae,Pocillopora,,Table 1,
CD103,Stylophora pistillata,Pocilloporidae,Stylophora,,Table 1,
CD103,Bottlebrush Acropora,Acroporidae,Acropora,,Table 1,
CD103,Acropora echinata,Acroporidae,Acropora,,Table 1,
CD103,Acropora longicyathus,Acroporidae,Acropora,,Table 1,
CD103,staghorn Acropora,Acroporidae,Acropora,,Table 1,
CD103,Acropora florida,Acroporidae,Acropora,,Table 1,
CD103,Acropora grandis,Acroporidae,Acropora,,Table 1,
CD103,Acropora intermedia,Acroporidae,Acropora,,Table 1,
CD103,Acropora micropthalma,Acroporidae,Acropora,,Table 1,
CD103,Acropora muricata,Acroporidae,Acropora,,Table 1,
CD103,Acropora pulchra,Acroporidae,Acropora,,Table 1,
CD103,Acropora robusta,Acroporidae,Acropora,,Table 1,
CD103,Acropora yongei,Acroporidae,Acropora,,Table 1,
CD103,Tabulate Acropora,Acroporidae,Acropora,,Table 1,
CD103,Acropora clathrata,Acroporidae,Acropora,,Table 1,
CD103,Acropora cytherea,Acroporidae,Acropora,,Table 1,
CD103,Acropora downingi,Acroporidae,Acropora,,Table 1,
CD103,Acropora hyacinthus,Acroporidae,Acropora,,Table 1,
CD103,Clumping Acropora,Acroporidae,Acropora,,Table 1,
CD103,Acropora listeri,Acroporidae,Acropora,,Table 1,
CD103,bushy Acropora,Acroporidae,Acropora,,Table 1,
CD103,Acropora aspera,Acroporidae,Acropora,,Table 1,
CD103,Acropora austera,Acroporidae,Acropora,,Table 1,
CD103,Acropora elseyi,Acroporidae,Acropora,,Table 1,
CD103,Acropora horrida,Acroporidae,Acropora,,Table 1,
CD103,Acropora loripes,Acroporidae,Acropora,,Table 1,
CD103,Acropora sarmentosa,Acroporidae,Acropora,,Table 1,
CD103,Acropora valida,Acroporidae,Acropora,,Table 1,
CD103,Corymbose Acropora,Acroporidae,Acropora,,Table 1,
CD103,Acropora aculeus,Acroporidae,Acropora,,Table 1,
CD103,Acropora chesterfieldensis,Acroporidae,Acropora,,Table 1,
CD103,Acropora divaricata,Acroporidae,Acropora,,Table 1,
CD103,Acropora donei,Acroporidae,Acropora,,Table 1,
CD103,Acropora kimbiensis,Acroporidae,Acropora,,Table 1,
CD103,Acropora latistella,Acroporidae,Acropora,,Table 1,
CD103,Acropora lutkeni,Acroporidae,Acropora,,Table 1,
CD103,Acropora millepora,Acroporidae,Acropora,,Table 1,
CD103,Acropora nasuta,Acroporidae,Acropora,,Table 1,
CD103,Acropora secale,Acroporidae,Acropora,,Table 1,
CD103,Acropora spathulata,Acroporidae,Acropora,,Table 1,
CD103,Acropora subulata,Acroporidae,Acropora,,Table 1,
CD103,Acropora tenuis,Acroporidae,Acropora,,Table 1,
CD103,digitate Acropora,Acroporidae,Acropora,,Table 1,
CD103,Acropora digitifera,Acroporidae,Acropora,,Table 1,
CD103,Acropora gemmifera,Acroporidae,Acropora,,Table 1,
CD103,Acropora humulis,Acroporidae,Acropora,,Table 1,
CD103,Acropora monticulosa,Acroporidae,Acropora,,Table 1,
CD103,Isopora,Acroporidae,Isopora,,Table 1,
CD103,Acropora bruggemanni,Acroporidae,Acropora,,Table 1,
CD103,Acropora palifera,Acroporidae,Acropora,,Table 1,
CD103,Astreopora,Acroporidae,Astreopora,,Table 1,
CD103,Montipora,Acroporidae,Montipora,,Table 1,
CD103,Montipora hispida,Acroporidae,Montipora,,Table 1,
CD103,Montipora monasteriata,Acroporidae,Montipora,,Table 1,
CD103,Montipora spumosa,Acroporidae,Montipora,,Table 1,
CD103,Branching Porites,Poritidae,Porites,,Table 1,
CD103,Porites cylindrica,Poritidae,Porites,,Table 1,
CD103,Porites nigrescens,Poritidae,Porites,,Table 1,
CD103,massive Porites,Poritidae,Porites,,Table 1,
CD103,Other Porites,Poritidae,Porites,,Table 1,
CD103,Porites lichen,Poritidae,Porites,,Table 1,
CD103,Porites rus,Poritidae,Porites,,Table 1,
CD103,Goniopora/Alveopora,Poritidae,,,Table 1,
CD103,Hydnophora exesa,Merulinidae,Hydnophora,,Table 1,
CD103,Hydnophora microconos,Merulinidae,Hydnophora,,Table 1,
CD103,Hydnophora rigida,Merulinidae,Hydnophora,,Table 1,
CD103,Other Faviidae,Faviidae,,,Table 1,
CD103,Cyphastrea chalcidium,Merulinidae,Cyphastrea,,Table 1,
CD103,Cyphastrea serailia,Merulinidae,Cyphastrea,,Table 1,
CD103,Echinopora gemmacea,Merulinidae,Echinopora,,Table 1,
CD103,Echinopora horrida,Merulinidae,Echinopora,,Table 1,
CD103,Echinopora lamellose,Merulinidae,Echinopora,,Table 1,
CD103,Echinopora mammiformis,Merulinidae,Echinopora,,Table 1,
CD103,Diploastrea heliopora,Diploastreidae,Diploastrea,,Table 1,
CD103,Leptastrea purpurea,Leptastreidae,Leptastrea,,Table 1,
CD103,Leptoria phrygia,Merulinidae,Leptoria,,Table 1,
CD103,Platygyra/Goniastrea,Merulinidae,,,Table 1,
CD103,Platygyra daedalea,Merulinidae,Platygyra,,Table 1,
CD103,Platygyra meandrina,Merulinidae,Platygyra,,Table 1,
CD103,Goniastrea aspera,Merulinidae,Goniastrea,,Table 1,
CD103,Goniastrea edwardsi,Merulinidae,Goniastrea,,Table 1,
CD103,Goniastrea retiformis,Merulinidae,Goniastrea,,Table 1,
CD103,Favia/Favites/Montastrea,,,,Table 1,
CD103,Favia pallida,Faviidae,Favia,,Table 1,
CD103,Favia stelligera,Faviidae,Favia,,Table 1,
CD103,Favites abdida,Merulinidae,Favites,,Table 1,
CD103,Galaxea astreata,Oculiniidae,Galaxea,,Table 1,
CD103,Galaxea fascicularis,Oculiniidae,Galaxea,,Table 1,
CD103,Mycedium elephantotus,Merulinidae,Mycedium,,Table 1,
CD103,Lobophyllia corymbosa,Lobophylliidae,Lobophyllia,,Table 1,
CD103,Lobophyllia hemprichii,Lobophylliidae,Lobophyllia,,Table 1,
CD103,Scolymia sp,Faviidae,Scolymia,,Table 1,
CD103,Symphyllia spp,Faviidae,Symphyllia,,Table 1,
CD103,Turbinaria retiformis,Dendrophyllidae,Turbinaria,,Table 1,
CD103,Turbinaria stellutata,Dendrophyllidae,Turbinaria,,Table 1,
CD103,Coscinarea,Coscinaraeidae,Coscinarea,,Table 1,
CD103,Pachyseris rugosa,,Pachyseris,,Table 1,incertae sedis
CD103,Podabacia crustacea,Fungiidae,Podabacia,,Table 1,
CD103,Millepora sp,Milleporidae,,,Table 1,O: Hydrocorallia
CD103,Millepora tenella,Milleporidae,,,Table 1,O: Hydrocorallia
CD104,Montipora hispida,Acroporidae,Montipora,,Materials and Methods Study site and field surveys p2796,
CD104,Montipora aequituberculata,Acroporidae,Montipora,,Materials and Methods Study site and field surveys p2796,
CD104,Montipora mollis,Acroporidae,Montipora,,Materials and Methods Study site and field surveys p2796,
CD105,Montipora hispida,Acroporidae,Montipora,,Materials and Methods Sample collection,
CD105,Montipora,Acroporidae,Montipora,,Results Field obsevations of CP and BBD,
CD107,Montipora capitata,Acroporidae,Montipora,,Results Differential disease susceptibility among color morphs of M capitata,
CD034,Montastraea annularis,Montastraeidae,Montastraea,,Results Benthic cover p297,
CD034,Montastraea faveolata,Montastraeidae,Montastraea,,Results Benthic cover p297,
CD034,Montastraea franksi,Montastraeidae,Montastraea,,Results Benthic cover p297,
CD034,Agaricia spp,Agariciidae,Agaricia,,Results Benthic cover p297,
CD034,Agaricia fragilis,Agariciidae,Agaricia,,Results Benthic cover p297,
CD034,Agaricia grahamae,Agariciidae,Agaricia,,Results Benthic cover p297,
CD034,Agaricia humilis,Agariciidae,Agaricia,,Results Benthic cover p297,
CD034,Agaricia lamarcki,Agariciidae,Agaricia,,Results Benthic cover p297,
CD034,Acropora cervicornis,Acroporidae,Acropora,,Results Benthic cover p297,
CD108,Porites lutea,Poritidae,Porites,,,
CD109,Acropora sp,Acroporidae,Acropora,,Figure 4,
CD109,Porites sp,Poritidae,Porites,,Figure 4,
CD109,Favia sp,Faviidae,Favia,,Figure 4,
CD109,Favites sp,Merulinidae,Favites,,Figure 4,
CD109,Goniastrea sp,Merulinidae,Goniastrea,,Figure 4,
CD109,Platygyra sp,Merulinidae,Platygyra,,Figure 4,
CD109,Montipora sp,Acroporidae,Montipora,,Figure 4,
CD109,Echinopora sp,Merulinidae,Echinopora,,Figure 4,
CD110,massive Porites,Poritidae,Porites,,Materials and Methods Sampling sites and environmental parameters p194,
CD111,Agaricia agaricites,Agariciidae,Agaricia,,Figure 4,9 focal species
CD111,Colpophyllia natans,Faviidae,Colpophyllia,,Figure 4,9 focal species
CD111,Diploria strigosa,Faviidae,Diploria,,Figure 4,9 focal species
CD111,Montastraea annularis,Montastraeidae,Montastraea,,Figure 4,9 focal species
CD111,Montastraea annularis species complex,Montastraeidae,Montastraea,,Figure 4,9 focal species
CD111,Montastraea cavernosa,Montastraeidae,Montastraea,,Figure 4,9 focal species
CD111,Porites asteroides,Poritidae,Porites,,Figure 4,9 focal species
CD111,Branching Porites spp,Poritidae,Porites,,Figure 4,9 focal species
CD111,Siderastrea siderea,Rhizangiidae,Siderastrea,,Figure 4,9 focal species
CD113,Acropora palmata,Acroporidae,Acropora,,Material and Methods p7,
CD114,Porites lobate,Poritidae,Porites,,Table S1,
CD114,Porites australiensis,Poritidae,Porites,,Table S1,
CD114,Porites lutea,Poritidae,Porites,,Table S1,
CD114,Porites rus,Poritidae,Porites,,Table S1,
CD114,Porites vaughani,Poritidae,Porites,,Table S1,
CD114,Leptastrea purpurea,Leptastreidae,Leptastrea,,Table S1,
CD114,Leptastrea transversa,Leptastreidae,Leptastrea,,Table S1,
CD114,Goniastrea retiformis,Merulinidae,Goniastrea,,Table S1,
CD114,Acropora palmarae,Acroporidae,Acropora,,Table S1,
CD114,Astreopora myriophthalma,Acroporidae,Astreopora,,Table S1,
CD114,Astreopora elliptica,Acroporidae,Astreopora,,Table S1,
CD114,Favia heliantoides,Faviidae,Favia,,Table S1,
CD114,Montipora cf. acanthella,Acroporidae,Montipora,,Table S1,
CD114,Unidentified Montipora sp,Acroporidae,Montipora,,Table S1,
CD114,Pavona frondifera,Agariciidae,Pavona,,Table S1,
CD114,Psammacora contigua,Psammocoridae,Psammocora,,Table S1,
CD114,Unidentified Montastrea sp,Montastraeidae,Montastraea,,Table S1,
CD115,Pocillopora,Pocilloporidae,Pocillopora,,Results p71,
CD115,Montipora,Acroporidae,Montipora,,Results p71,
CD115,Acropora,Acroporidae,Acropora,,Results p71,
CD115,Porites,Poritidae,Porites,,Results p71,
CD116,Colpophyllia natans,Faviidae,Colpophyllia,,Table 2,
CD116,Dichocoenia stokesi,Meandrinidae,Dichocoenia,,Table 2,
CD116,Diploria strigosa,Faviidae,Diploria,,Table 2,
CD116,Montastraea cavernosa,Montastraeidae,Montastraea,,Table 2,
CD116,Montastraea annularis,Montastraeidae,Montastraea,,Table 2,
CD116,Siderastrea siderea,Rhizangiidae,Siderastrea,,Table 2,
CD117,Acropora,Acroporidae,Acropora,,Table 3,
CD117,Astreopora,Acroporidae,Astreopora,,Table 3,
CD117,Fungia,Fungiidae,Fungia,,Table 3,
CD117,Montipora,Acroporidae,Montipora,,Table 3,
CD117,Porites,Poritidae,Porites,,Table 3,
CD118,Acropora,Acroporidae,Acropora,,Figure 2,
CD118,Porites,Poritidae,Porites,,Figure 2,
CD118,Dipsastrea,Merulinidae,Dipsastraea,,Figure 2,
CD118,Platygyra/Goniastrea,Merulinidae,,,Figure 2,
CD118,Leptastrea,Leptastreidae,Leptastrea,,Figure 2,
CD118,Cyphastrea,Merulinidae,Cyphastrea,,Figure 2,
CD118,Psammocora,Psammocoridae,Psammocora,,Figure 2,
CD118,Coscinarea,Coscinaraeidae,Coscinarea,,Figure 2,
CD118,Siderastrea,Rhizangiidae,Siderastrea,,Figure 2,
CD118,Anomastrea,Coscinaraeidae,Anomastrea,,Figure 2,
CD118,Pavona,Agariciidae,Pavona,,Figure 2,
CD119,Eusmilia fastigiata,Meandrinidae,Eusmilia,,Results p76,
CD119,Acropora palmata,Acroporidae,Acropora,,Results p76,
CD119,Acropora cervicornis,Acroporidae,Acropora,,Results p76,
CD119,Acropora prolifera,Acroporidae,Acropora,,Results p76,
CD119,Colpophyllia natans,Faviidae,Colpophyllia,,Results p76,
CD119,Montastraea annularis,Montastraeidae,Montastraea,,Results p76,
CD119,Montastraea faveolata,Montastraeidae,Montastraea,,Results p76,
CD119,Montastraea franksi,Montastraeidae,Montastraea,,Results p76,
CD119,Diploria labyrinthiformes,Faviidae,Diploria,,Results p76,
CD119,Madracis mirabilis,Pocilloporidae,Madracis,,Results p76,
CD119,Montastraea cavernosa,Montastraeidae,Montastraea,,Results p76,In sample area but had no disease
CD119,Meandrina meandrites,Meandrinidae,Meandrina,,Results p76,In sample area but had no disease
CD119,Isophyllastrea rigida,Faviidae,Isophyllia,,Results p76,In sample area but had no disease
CD119,Diploria strigosa,Faviidae,Diploria,,Results p76,In sample area but had no disease
CD119,Porites asteroides,Poritidae,Porites,,Results p76,In sample area but had no disease
CD119,Porites branneri,Poritidae,Porites,,Results p76,In sample area but had no disease
CD119,Porites porites,Poritidae,Porites,,Results p76,In sample area but had no disease
CD119,Siderastrea siderea,Rhizangiidae,Siderastrea,,Results p76,In sample area but had no disease
CD119,Agaricia agaricites,Agariciidae,Agaricia,,Results p76,In sample area but had no disease
CD119,Favia fragum,Faviidae,Favia,,Results p76,In sample area but had no disease
CD120,Porites furcata,Poritidae,Porites,,Table 1,
CD120,Porites asteroides,Poritidae,Porites,,Table 1,
CD120,Agaricia agaricites,Agariciidae,Agaricia,,Table 1,
CD120,Agaricia tenuifolia,Agariciidae,Agaricia,,Table 1,
CD120,Agaricia fragilis,Agariciidae,Agaricia,,Table 1,
CD120,Agaricia lamarcki,Agariciidae,Agaricia,,Table 1,
CD120,Siderastrea siderea,Rhizangiidae,Siderastrea,,Table 1,
CD120,Scolimia cubensis,Faviidae,Scolymia,,Table 1,
CD120,Leptoseris cuculata,Agariciidae,Leptoseris,,Results and Discussions p188,
CD120,Madracis decactis,Pocilloporidae,Madracis,,Table 1,
CD120,Stephanochoenia intersepta,Astrocoeniidae,Stephanochoenia,,Table 1,
CD120,Millepora alcicornis,Milleporidae,Millepora,,Table 1,
CD120,Acropora cervicornis,Acroporidae,Acropora,,Table 1,
CD120,Colpophyllia natans,Faviidae,Colpophyllia,,Table 1,
CD120,Millepora decactis,Milleporidae,Millepora,,Table 1,
CD120,Montastraea franksi,Montastraeidae,Montastraea,,Table 1,
CD121,Acropora palmata,Acroporidae,Acropora,,Table 1,
CD122,Acropora palmata,Acroporidae,Acropora,,Materials and Methods p124,
CD123,Pocillopora meandrina,Pocilloporidae,Pocillopora,,Results Site-specific surveys: video transects p8,
CD123,Pocillopora ligulata,Pocilloporidae,Pocillopora,,Results Site-specific surveys: video transects p8,
CD123,Pocillopora damicornis,Pocilloporidae,Pocillopora,,Results Site-specific surveys: video transects p8,
CD123,Porites lobata,Poritidae,Porites,,Results Site-specific surveys: video transects p8,
CD123,Porites compressa,Poritidae,Porites,,Results Site-specific surveys: video transects p8,
CD123,Montipora capitata,Acroporidae,Montipora,,Results Site-specific surveys: video transects p8,
CD123,Montipora sp,Acroporidae,Montipora,,Results Site-specific surveys: video transects p8,
CD123,Pavona duerdeni,Agariciidae,Pavona,,Results Site-specific surveys: video transects p8,
CD021,Diploria strigosa,Faviidae,Diploria,,Figure 1,
CD023,Montastraea annularis species complex,Montastraeidae,Montastraea,,Figure 3,
CD023,Montastraea annularis,Montastraeidae,Montastraea,,Results p68,
CD023,Montastraea faveolata,Montastraeidae,Montastraea,,Results p68,
CD023,Montastraea franksi,Montastraeidae,Montastraea,,Results p68,
CD005,Acropora palmata,Acroporidae,Acropora,,Figure 3,
CD005,Montastraea annularis,Montastraeidae,Montastraea,,Figure 3,
CD005,Montastraea faveolata,Montastraeidae,Montastraea,,Methods Observational data p1324,
CD005,Montastraea franksii,Montastraeidae,Montastraea,,Methods Observational data p1324,
CD005,Acroporidae,Acroporidae,Acropora,,Figure 3,
CD005,Scleractinaria,,,,Figure 3,order level ID
CD001,Montipora annularis,Acroporidae,Montipora,,,
CD001,Montipora cavernosa,Acroporidae,Montipora,,,
CD001,Colpophyllia natans,Faviidae,Colpophyllia,,,
CD001,Diploria clivosa,Faviidae,Diploria,,,
CD001,Diploria strigosa,Faviidae,Diploria,,,
CD001,Diploria labyrinthiformes,Faviidae,Diploria,,,
CD002,Acanthastrea sp,Lobophylliidae,Acanthastrea,,,
CD002,Acropora sp,Acroporidae,Acropora,,,
CD002,Acropora branching,Acroporidae,Acropora,,,
CD002,Acropora caespitose,Acroporidae,Acropora,,,
CD002,Acropora corymbose,Acroporidae,Acropora,,,
CD002,Acropora digitate,Acroporidae,Acropora,,,
CD002,Acropora encrusting,Acroporidae,Acropora,,,
CD002,Acropora staghorn,Acroporidae,Acropora,,,
CD002,Acropora table,Acroporidae,Acropora,,,
CD002,Astreopora sp,Acroporidae,Astreopora,,,
CD002,Coeloseris sp,Agariciidae,Coeloseris,,,
CD002,Coeloseris mayeri,Agariciidae,Coeloseris,,,
CD002,Coscinaraea sp,Coscinaraeidae,Coscinarea,,,
CD002,Cycloseris sp,Fungiidae,Cycloseris,,,
CD002,Cyphastrea sp,Merulinidae,Cyphastrea,,,
CD002,Diploastrea sp,Diploastreidae,Diploastrea,,,
CD002,Diploastrea heliopora,Diploastreidae,Diploastrea,,,
CD002,Echinophora sp,Merulinidae,Echinopora,,,
CD002,Echinophyllia sp,Lobophylliidae,Echinophyllia,,,
CD002,Favia sp,Faviidae,Favia,,,
CD002,Favites sp,Merulinidae,Favites,,,
CD002,Fungia fungites,Fungiidae,Fungia,,,
CD002,Galaxea fasicularis,Oculiniidae,Galaxea,,,
CD002,Gardineroseris planulata,Agariciidae,Gardineroseris,,,
CD002,Goniastrea sp,Merulinidae,Goniastrea,,,
CD002,Goniopora sp,Poritidae,Goniopora,,,
CD002,Heliopora sp,Helioporidae,Heliopora,,,
CD002,Heliopora coerulea,Helioporidae,Heliopora,,,
CD002,Hydnophora sp,Merulinidae,Hydnophora,,,
CD002,Hydnophora rigida,Merulinidae,Hydnophora,,,
CD002,Isopora sp,Acroporidae,Isopora,,,
CD002,Isopora palifera,Acroporidae,Isopora,,,
CD002,Leptastrea sp,Leptastreidae,Leptastrea,,,
CD002,Leptastrea purpurea,Leptastreidae,Leptastrea,,,
CD002,Leptoria phrygia,Merulinidae,Leptoria,,,
CD002,Leptoseris sp,Agariciidae,Leptoseris,,,
CD002,Lobophyllia sp,Lobophylliidae,Lobophyllia,,,
CD002,Merulina sp,Merulinidae,Merulina,,,
CD002,Millepora sp,Milleporidae,Millepora,,,
CD002,Millepora branching,Milleporidae,Millepora,,,
CD002,Millepora encrusting,Milleporidae,Millepora,,,
CD002,Millepora plating,Milleporidae,Millepora,,,
CD002,Millepora tuberosa,Milleporidae,Millepora,,,
CD002,Montastrea sp,Montastraeidae,Montastraea,,,
CD002,Montastrea (Astrea),Montastraeidae,Montastraea,,,
CD002,Montipora sp,Acroporidae,Montipora,,,
CD002,Montipora encrusting,Acroporidae,Montipora,,,
CD002,Mycedium sp,Pectiniidae,Mycedium,,,
CD002,Oulastrea crispa,Oulastreidae,Oulastrea,,,
CD002,Pachyseris sp,,Pachyseris,,,incertae sedis
CD002,Pavona sp,Agariciidae,Pavona,,,
CD002,Platygyra sp,Merulinidae,Platygyra,,,
CD002,Pocillopora sp,Pocilloporidae,Pocillopora,,,
CD002,Porites sp,Poritidae,Porites,,,
CD002,Porites branching,Poritidae,Porites,,,
CD002,Porites massive,Poritidae,Porites,,,
CD002,Porites rus,Poritidae,Porites,,,
CD002,Psammocora sp,Psammocoridae,Psammocora,,,
CD002,Scolymia sp,Faviidae,Scolymia,,,
CD002,Seriatopora sp,Pocilloporidae,Seriatopora,,,
CD002,Stylocoeniella sp,Astrocoeniidae,Stylocoeniella,,,
CD002,Stylophora sp,Pocilloporidae,Stylophora,,,
CD002,Stylophora pistillata,Pocilloporidae,Stylophora,,,
CD002,Symphyllia sp,Faviidae,Mussa,,,
CD002,Trachyphyllia sp,Merulinidae,Trachyphyllia,,,
CD004,Acroporidae,Acroporidae,,,,
CD004,Agariciidae,Agariciidae,,,,
CD004,Astrocoeniidae,Astrocoeniidae,,,,
CD004,Caryophylliidae,Caryophylliidae,,,,
CD004,Dendrophylliidae,Dendrophyllidae,,,,
CD004,Faviidae,Faviidae,,,,
CD004,Fungiidae,Fungiidae,,,,
CD004,Merulinidae,Merulinidae,,,,
CD004,Mussidae,Faviidae,,,,
CD004,Oculinidae,Oculinidae,,,,
CD004,Pectiniidae,,,,,Name no longer used
CD004,Pocilloporidae,Pocilloporidae,,,,
CD004,Poritidae,Poritidae,,,,
CD004,Siderastreidae,Rhizangiidae,,,,
CD006,Acropora sp,Acroporidae,Acropora,,,
CD006,Porites sp,Poritidae,Porites,,,
CD006,Montipora sp,Acroporidae,Montipora,,,
CD006,Pocillopora sp,Pocilloporidae,Pocillopora,,,
CD007,Montastraea faveolata,Montastraeidae,Montastraea,,,
CD007,Agaricia agaricites,Agariciidae,Agaricia,,,
CD007,Acropora palmata,Acroporidae,Acropora,,,
CD007,Colpophyllia natans,Faviidae,Colpophyllia,,,
CD007,Diploria strigosa,Faviidae,Diploria,,,
CD007,Diploria clivosa,Faviidae,Diploria,,,
CD007,Montastraea annularis,Montastraeidae,Montastraea,,,
CD007,Porites asteroides,Poritidae,Porites,,,
CD007,Siderastrea siderea,Rhizangiidae,Siderastrea,,,
CD017,Acropora cytherea,Acroporidae,Acropora,,,
CD017,Acropora cytherea,Acroporidae,Acropora,,,
CD017,Acropora clathrata,Acroporidae,Acropora,,,
CD017,Acropora abrotenoides,Acroporidae,Acropora,,,
CD017,Acropora c.f. humilis,Acroporidae,Acropora,,,
CD017,Acropora c.f. gemmidera,Acroporidae,Acropora,,,
CD017,Acropora sp,Acroporidae,Acropora,,,
CD024,Diploria clivosa,Faviidae,Diploria,,Figure 3,
CD024,Diploria strigosa,Faviidae,Diploria,,Figure 3,
CD024,Montastraea annularis,Montastraeidae,Montastraea,,Figure 3,
CD024,Montastraea cavernosa,Montastraeidae,Montastraea,,Figure 3,
CD024,Siderastrea siderea,Rhizangiidae,Siderastrea,,Figure 3,
CD025,Diploria labyrinthiformis,Faviidae,Diploria,,,
CD026,Montipora,Acroporidae,Montipora,,Results p1039,
CD026,Isopora,Acroporidae,Isopora,,Results p1039,
CD026,Favia,Faviidae,Favia,,Results p1039,
CD026,Favites,Merulinidae,Favites,,Results p1039,
CD026,Porites massive,Poritidae,Porites,,Figure 6,
CD026,Seriatopora,Pocilloporidae,Seriatopora,,Results p1039,
CD026,Goniastrea,Merulinidae,Goniastrea,,Results p1039,
CD026,Coscinarea,Coscinaraeidae,Coscinarea,,Results p1039,
CD026,Stylophora,Pocilloporidae,Stylophora,,Results p1039,
CD026,Fungia,Fungiidae,Fungia,,Results p1039,
CD026,Leptoria,Merulinidae,Leptoria,,Figure 6,
CD026,Lobophyllia,Lobophylliidae,Lobophyllia,,Figure 6,
CD026,Platygyra,Merulinidae,Platygyra,,Figure 6,
CD026,Pocillopora,Pocilloporidae,Pocillopora,,Figure 6,
CD026,Acropora bottlebrush,Acroporidae,Acropora,,Figure 6,
CD026,Acropora corymbose,Acroporidae,Acropora,,Figure 6,
CD026,Acropora isopora,Acroporidae,Acropora,,Figure 6,
CD026,Acropora staghorn,Acroporidae,Acropora,,Figure 6,
CD026,Acropora tabular,Acroporidae,Acropora,,Figure 6,
CD027,Montipora submassive,Acroporidae,Montipora,,Table 1,
CD027,Acropora tabular,Acroporidae,Acropora,,Table 1,
CD027,Montipora encrusting/laminar,Acroporidae,Montipora,,Table 1,
CD027,Acropora branching,Acroporidae,Acropora,,Table 1,
CD027,Echinopora laminar,Merulinidae,Echinopora,,Table 1,
CD027,Porites massive,Poritidae,Porites,,Table 1,
CD027,Favites encrusting,Merulinidae,Favites,,Table 1,
CD027,Cyphastrea encrusting,Merulinidae,Cyphastrea,,Table 1,
CD027,Porites encrusting,Poritidae,Porites,,Table 1,
CD027,Platygyra encrusting,Merulinidae,Platygyra,,Table 1,
CD028,Anacropora,Acroporidae,Anacropora,,Figure 6,
CD028,Astrocoenids,Astrocoeniidae,,,Figure 6,
CD028,Acropora tabular,Acroporidae,Acropora,,Figure 6,
CD028,Acropora bottlebrush,Acroporidae,Acropora,,Figure 6,
CD028,Astreopora,Acroporidae,Astreopora,,Figure 6,
CD028,Acropora digitate,Acroporidae,Acropora,,Figure 6,
CD028,Merulinids,Merulinidae,,,Figure 6,
CD028,Diploastrea,Diploastreidae,Diploastrea,,Figure 6,
CD028,Siderastreidae,Rhizangiidae,,,Figure 6,
CD028,Acropora staghorn,Acroporidae,Acropora,,Figure 6,
CD028,Acropora bushy,Acroporidae,Acropora,,Figure 6,
CD028,Millepora/Heliopora,,,,Figure 6,
CD028,Poritids,Poritidae,,,Figure 6,
CD028,Mussids,Faviidae,,,Figure 6,
CD028,Stylophora,Pocilloporidae,Stylophora,,Figure 6,
CD028,Dendrophyllids,Dendrophylliidae,,,Figure 6,
CD028,Euphyllidae,Euphylliidae,,,Figure 6,
CD028,Seriatopora,Pocilloporidae,Seriatopora,,Figure 6,
CD028,Oculinids,Oculinidae,,,Figure 6,
CD028,Acropora corymbose,Acroporidae,Acropora,,Figure 6,
CD028,Acropora isopora,Acroporidae,Acropora,,Figure 6,
CD028,Gonipora/Alveopora,,,,Figure 6,
CD028,Pectinids,,,,Figure 6,Name no longer used
CD028,Pocillopora,Pocilloporidae,Pocillopora,,Figure 6,
CD028,Favids,Faviidae,,,Figure 6,
CD028,Platygyra/Goniastrea,Merulinidae,,,Figure 6,
CD028,Agariciidae,Agariciidae,,,Figure 6,
CD028,Fungids,Fungiidae,,,Figure 6,
CD028,Porites branching,Poritidae,Porites,,Figure 6,
CD028,Favia/Favites/Montastrea,,,,Figure 6,
CD028,Montipora,Acroporidae,Montipora,,Figure 6,
CD028,Porites massive,Poritidae,Porites,,Figure 6,
CD029,Ctenactis,Fungiidae,Ctenactis,,Figure 4,
CD029,Porites branching,Poritidae,Porites,,Figure 4,
CD029,Herpolitha,Fungiidae,Herpolitha,,Figure 4,
CD029,Fungia,Fungiidae,Fungia,,Figure 4,
CD029,Pachyseris,Agariciidae,Pachyseris,,Figure 4,
CD029,Galaxea,Euphylliidae,Galaxea,,Figure 4,
CD029,Oxypora,Lobophylliidae,Oxypora,,Figure 4,
CD029,Montipora,Acroporidae,Montipora,,Figure 4,
CD029,Pavona,Agariciidae,Pavona,,Figure 4,
CD029,Favites,Merulinidae,Favites,,Figure 4,
CD029,Goniastrea,Merulinidae,Goniastrea,,Figure 4,
CD029,Diploastrea,Diploastreidae,Diploastrea,,Figure 4,
CD029,Cyphastrea,Merulinidae,Cyphastrea,,Figure 4,
CD029,Favia,Faviidae,Favia,,Figure 4,
CD029,Leptoseris,Agariciidae,Leptoseris,,Figure 4,
CD029,Mycedium,Merulinidae,Mycedium,,Figure 4,
CD029,Heliofungia,Fungiidae,Heliofungia,,Figure 4,
CD029,Porites massive,Poritidae,Porites,,Figure 4,
CD030,Acroporidae,Acroporidae,,,Figure 5,
CD030,Agariciidae,Agariciidae,,,Figure 5,
CD030,Faviidae,Faviidae,,,Figure 5,
CD030,Fungiidae,Fungiidae,,,Figure 5,
CD030,Merulinidae,Merulinidae,,,Figure 5,
CD030,Mussidae,Faviidae,,,Figure 5,
CD030,Pocilloporidae,Pocilloporidae,,,Figure 5,
CD030,Poritidae,Poritidae,,,Figure 5,
CD031,NA,,,,,
CD032,Acropora,Acroporidae,Acropora,,Table 1,
CD033,Acroporidae,Acroporidae,,,"Methods, Data Analysis, p. 1047",
CD033,Pocilloporidae,Pocilloporidae,,,"Methods, Data Analysis, p. 1047",
CD033,Poritidae,Poritidae,,,"Methods, Data Analysis, p. 1047",
CD033,Faviidae,Faviidae,,,"Methods, Data Analysis, p. 1047",
CD033,Agariciidae,Agariciidae,,,"Methods, Data Analysis, p. 1047",
CD033,Fungiidae,Fungiidae,,,"Methods, Data Analysis, p. 1047",
CD033,Merulinidae,Merulinidae,,,"Methods, Data Analysis, p. 1047",
CD033,Mussidae,Faviidae,,,"Methods, Data Analysis, p. 1047",
CD033,Oculinidae,Oculinidae,,,"Methods, Data Analysis, p. 1047",
CD033,Pectiniidae,,,,"Methods, Data Analysis, p. 1047",Name no longer used
CD033,Siderastreidae,Rhizangiidae,,,"Methods, Data Analysis, p. 1047",
CD003,Acroporidae,Acroporidae,,,,
CD003,Agariciidae,Agariciidae,,,,
CD003,Poritidae,Poritidae,,,,
CD008,Agaricia spp,Agariciidae,Agaricia,,,
CD008,Acropora palmata,Acroporidae,Acropora,,,
CD008,Colpophyllia natans,Faviidae,Colpophyllia,,,
CD008,Dichocoenia stokesi,Meandrinidae,Dichocoenia,,,
CD008,Diploria strigosa,Faviidae,Diploria,,,
CD008,Favia fragum,Faviidae,Favia,,,
CD008,"Montastraea ""annularis""",Montastraeidae,Montastraea,,,
CD008,Montastraea cavernosa,Montastraeidae,Montastraea,,,
CD008,Millepora spp,Milleporidae,Millepora,,,
CD008,Mycetophyllia spp,Faviidae,Mycetophyllia,,,
CD008,Porites astreoides,Poritidae,Porites,,,
CD008,Porites porites,Poritidae,Porites,,,
CD008,Scolymia spp,Faviidae,Scolymia,,,
CD008,Siderastrea siderea,Rhizangiidae,Siderastrea,,,
CD008,Montastraea faveolata,Montastraeidae,Montastraea,,,
CD008,Monstastraea annularis,Montastraeidae,Monstastraea,,,
CD008,Montastraea franksi,Montastraeidae,Montastraea,,,
CD008,Acropora cervicornis,Acroporidae,Acropora,,,
CD008,Diploria labyrinthiformis,Faviidae,Diploria,,,
CD008,Millepora complanata,Milleporidae,Millepora,,,
CD008,Diploria clivosa,Faviidae,Diploria,,,
CD010,Acropora palmata,Acroporidae,Acropora,,,
CD044,Montipora digitata,Acroporidae,Montipora,,,
CD014,Porites,Poritidae,Porites,,,
CD019,Acanthastrea,Lobophylliidae,Acanthastrea,,Table 5,
CD019,Acropora,Acroporidae,Acropora,,Table 5,
CD019,Alveopora,Acroporidae,Alveopora,,Table 5,
CD019,Anomastrea,Coscinaraeidae,Anomastrea,,Table 5,
CD019,Coscinarea,Coscinaraeidae,Coscinarea,,Table 5,
CD019,Cyphastrea,Merulinidae,Cyphastrea,,Table 5,
CD019,Dipsastrea,Merulinidae,Dipsastrea,,Table 5,
CD019,Echinophyllia,Lobophylliidae,Echinophyllia,,Table 5,
CD019,Echinopora,Merulinidae,Echinopora,,Table 5,
CD019,Faviidae,Faviidae,,,Table 5,
CD019,Goniopora,Poritidae,Goniopora,,Table 5,
CD019,Hydnophora,Merulinidae,Hydnophora,,Table 5,
CD019,Leptastrea,Leptastreidae,Leptastrea,,Table 5,
CD019,Montipora,Acroporidae,Montipora,,Table 5,
CD019,Oxypora,Lobophylliidae,Oxypora,,Table 5,
CD019,Pavona,Agariciidae,Pavona,,Table 5,
CD019,Platygyra,Merulinidae,Platygyra,,Table 5,
CD019,Plesiastrea,Plesiastreidae,Plesiastrea,,Table 5,
CD019,Pocillopora,Pocilloporidae,Pocillopora,,Table 5,
CD019,Porites,Poritidae,Porites,,Table 5,
CD019,Psammacora,Psammocoridae,Psammacora,,Table 5,
CD019,Siderastrea,Rhizangiidae,Siderastrea,,Table 5,
CD019,Stylophora,Pocilloporidae,Stylophora,,Table 5,
CD019,Symphyllia,Lobophylliidae,Symphyllia,,Table 5,
CD019,Turbinaria,Dendrophyllidae,Turbinaria,,Table 5,
CD019,Palythoa,Sphenopidae,Palythoa,,Table 5,
CD022,Montastraea annularis (species complex),Montastraeidae,Montastraea,,Title,
CD035,Acropora,Acroporidae,Acropora,,Table 3,
CD035,Isopora,Acroporidae,Isopora,,Table 3,
CD035,Astreopora,Acroporidae,Astreopora,,Table 3,
CD035,Montipora,Acroporidae,Montipora,,Table 3,
CD035,Pocillopora,Pocilloporidae,Pocillopora,,Table 3,
CD035,Seriatopora,Pocilloporidae,Seriatopora,,Table 3,
CD035,Stylophora,Pocilloporidae,Stylophora,,Table 3,
CD035,Porites,Poritidae,Porites,,Table 3,
CD035,Goniopora,Poritidae,Goniopora,,Table 3,
CD035,Mussidae,Faviidae,,,Table 3,
CD035,Favia,Faviidae,Favia,,Table 3,
CD035,Cyphastrea,Merulinidae,Cyphastrea,,Table 3,
CD035,Psammacora,Psammocoridae,Psammacora,,Table 3,
CD035,Turbinaria,Dendrophyllidae,Turbinaria,,Table 3,
CD035,Alcyoniidae,Alcyoniidae,,,Table 3,
CD036,Porites,Poritidae,Porites,,Table 1,
CD036,Acropora,Acroporidae,Acropora,,Table 1,
CD036,Pocillopora,Pocilloporidae,Pocillopora,,Table 1,
CD036,Favids,Faviidae,,,Table 1,
CD037,Montastraea faveolata,Montastraeidae,Montastraea,,Figure 2,
CD037,Siderastrea siderea,Rhizangiidae,Siderastrea,,Figure 2,
CD037,Colpophyllia natans,Faviidae,Colpophyllia,,Figure 2,
CD038,Montastraea annularis,Montastraeidae,Montastraea,,"Materials and Methods, Field data collection methods, p e57164",
CD039,Acropora muricata,Acroporidae,Acropora,,"Materials and methods, Coral disease surveys, p 3",
CD040,Acropora muricata,Acroporidae,Acropora,,"Materials and methods, Study site and sampling design p 475",
CD040,Acropora abrolhosensis,Acroporidae,Acropora,,"Materials and methods, Study site and sampling design p 475",
CD040,Acropora intermedia,Acroporidae,Acropora,,"Materials and methods, Study site and sampling design p 475",
CD041,Agaricia,Agariciidae,Agaricia,,Table 3,
CD041,Diploria,Faviidae,Diploria,,Table 3,
CD041,Montastraea,Montastraeidae,Montastraea,,Table 3,
CD041,Porites,Poritidae,Porites,,Table 3,
CD041,Siderastrea,Rhizangiidae,Siderastrea,,Table 3,
CD042,Acropora cervicornis,Acroporidae,Acropora,,Table 1,
CD042,Agaricia agaricites,Agariciidae,Agaricia,,Table 1,
CD042,Agaricia agaricites f. carinata,Agariciidae,Agaricia,,Table 1,
CD042,Agaricia agaricites f. danai,Agariciidae,Agaricia,,Table 1,
CD042,Colpophyllia breviserialis,Faviidae,Colpophyllia,,Table 1,
CD042,Dendrogyra cyilindrus,Meandrinidae,Dendrogyra,,Table 1,
CD042,Eusmilia fastigiata,Meandrinidae,Eusmilia,,Table 1,
CD042,Madracis decactis,Pocilloporidae,Madracis,,Table 1,
CD042,Madracis mirabilis,Pocilloporidae,Madracis,,Table 1,
CD042,Meandrina meandrites,Meandrinidae,Meandrina,,Table 1,
CD042,Porites asteroides,Poritidae,Porites,,Table 1,
CD042,Porites porites,Porititae,Porites,,Table 1,
CD042,Siderastrea siderea,Rhizangiidae,Siderastrea,,Table 1,
CD042,Millepora alcicornis,Milleporidae,Millepora,,Table 1,
CD042,Montastraea annularis,Montastraeidae,Montastraea,,Table 1,
CD042,Montastraea faveolata,Montastraeidae,Montastraea,,Table 1,
CD042,Montastraea franksi,Montastraeidae,Montastraea,,Table 1,
CD042,Stephanocoenia intersepta,Astrocoeniidae,Stephanocoenia,,Table 1,
CD042,Colpophyllia natans,Faviidae,Colpophyllia,,Table 1,
CD042,Diploria labyrinthiformis,Faviidae,Diploria,,Table 1,
CD042,Mycetophyllia aliciae,Faviidae,Mycetophyllia,,Table 1,
CD042,Montastraea cavernosa,Montastraeidae,Montastraea,,Table 1,
CD042,Diploria strigosa,Faviidae,Diploria,,Table 1,
CD009,Montastraea annularis,Montastraeidae,Montastraea,,"Materials and methods, Sampling and study design p 35",
CD011,Mussimilia braziliensis,Faviidae,Mussimilia,,Title,
CD015,Acropora cervicornis,Acroporidae,Acropora,,Title,
CD020,Montipora,Acroporidae,Montipora,,Table 1,
CD020,Dipsastrea,Merulinidae,Dipsastraea,,Table 1,
CD020,Psammocora,Psammocoridae,Psammocora,,Table 1,
CD020,Gardineroseris,Agariciidae,Gardineroseris,,Table 1,
CD020,Astreopora,Acroporidae,Astreopora,,Table 1,
CD020,Pavona,Agariciidae,Pavona,,Table 1,
CD020,Platygyra,Merulinidae,Platygyra,,Table 1,
CD020,Coelastrea,Merulinidae,Coelastrea,,Table 1,
CD020,Gonipora,Poritidae,Gonipora,,Table 1,
CD016,Acroporidae,Acroporidae,,,Figure 3,
CD016,Dendrophylliidae,Dendrophylliidae,,,Figure 3,
CD016,Agariciidae,Agariciidae,,,Figure 3,
CD016,Fungidae,Fungiidae,,,Figure 3,
CD016,Merulinidae,Merulinidae,,,Figure 3,
CD016,Oculinidae,Oculinidae,,,Figure 3,
CD016,Pocilloporidae,Pocilloporidae,,,Figure 3,
CD016,Pectinidae,,,,Figure 3,Name no longer used
CD016,Poritidae,Poritidae,,,Figure 3,
CD016,Siderastreidae,Rhizangiidae,,,Figure 3,
CD046,Agaricia agaricites,Agariciidae,Agaricia,,Table 2,
CD046,Agaricia fragilis,Agariciidae,Agaricia,,Table 2,
CD046,Agaricia humilis,Agariciidae,Agaricia,,Table 2,
CD046,Agaricia lamarcki,Agariciidae,Agaricia,,Table 2,
CD046,Acropora palmata,Acroporidae,Acropora,,Table 2,
CD046,Agaricia tenuifoila,Agariciidae,Agaricia,,Table 2,
CD046,Colpophyllia natans,Faviidae,Colpophyllia,,Table 2,
CD046,Dendrogyra cyilindrus,Meandrinidae,Dendrogyra,,Table 2,
CD046,Diploria labyrinthiformis,Faviidae,Diploria,,Table 2,
CD046,Dichocoenia stokesii,Meandrinidae,Dichocoenia,,Table 2,
CD046,Eusmilia fastigiata,Meandrinidae,Eusmilia,,Table 2,
CD046,Favia fragum,Faviidae,Favia,,Table 2,
CD046,Isophyllia rigida,Faviidae,Isophyllia,,Table 2,
CD046,Mancina areolata,Faviidae,Manicina,,Table 2,
CD046,Montastraea cavernosa,Montastraeidae,Montastraea,,Table 2,
CD046,Madracis decactis,Pocilloporidae,Madracis,,Table 2,
CD046,Meandrina jacksoni,Meandrinidae,Meandrina,,Table 2,
CD046,Meandrina meandrites,Meandrinidae,Meandrina,,Table 2,
CD046,Mycetophyllia sp,Faviidae,Mycetophyllia,,Table 2,
CD046,Orbicella annularis,Merulinidae,Astraea,,Table 2,
CD046,Orbicella faveolata,Merulinidae,Astraea,,Table 2,
CD046,Orbicella franksi,Merulinidae,Astraea,,Table 2,
CD046,Porites astreoides,Poritidae,Porites,,Table 2,
CD046,Pseudodiploria clivosa,Faviidae,Pseudodiploria,,Table 2,
CD046,Porites furcata,Poritidae,Porites,,Table 2,
CD046,Porites porites,Poritidae,Porites,,Table 2,
CD046,Pseudodiploria strigosa,Faviidae,Pseudodiploria,,Table 2,
CD046,Solenastrea bournoni,,Solenastrea,,Table 2,incertae sedis
CD046,Scolymia sp,Faviidae,Scolymia,,Table 2,
CD046,Isophyllia sinuosa,Faviidae,Isophyllia,,Table 2,
CD046,Siderastrea radians,Rhizangiidae,Siderastrea,,Table 2,
CD046,Siderastrea siderea,Rhizangiidae,Siderastrea,,Table 2,
CD047,Acropora hyacinthus,Acroporidae,Acropora,,"Results, Taxonomic susceptibility p 3",
CD047,Acropora clathrata,Acroporidae,Acropora,,"Results, Taxonomic susceptibility p 3",
CD047,Acropora cytherea,Acroporidae,Acropora,,"Results, Taxonomic susceptibility p 3",
CD047,Pocillopora spp,Pocilloporidae,Pocillopora,,"Results, Taxonomic susceptibility p 3",
CD047,Montipora spp,Acroporidae,Montipora,,"Results, Taxonomic susceptibility p 3",
CD047,Porites spp,Poritidae,Porites,,"Results, Taxonomic susceptibility p 3",
CD048,Turbinaria mesenterina,Dendrophyllidae,Turbinaria,,Title,
CD049,Acropora,Acroporidae,Acropora,,"Results, Coral Recruitment and Disease e1548",
CD049,Pocillopora,Pocilloporidae,Pocillopora,,"Results, Coral Recruitment and Disease e1548",
CD049,Faviids,Faviidae,,,"Results, Coral Recruitment and Disease e1548",
CD051,Acropora,Acroporidae,Acropora,,Table 1,
CD051,Isopora,Acroporidae,Isopora,,Table 1,
CD051,Galaxea,Euphylliidae,Galaxea,,Table 1,
CD051,Pocillopora,Pocilloporidae,Pocillopora,,Table 1,
CD052,Porites sp,Poritidae,Porites,,Fig 6,
CD052,Galaxea sp,Euphylliidae,Galaxea,,Fig 6,
CD052,Diploastrea sp,Diploastreidae,Diploastrea,,Fig 7,
CD052,Pavona sp,Agariciidae,Pavona,,Fig 7,
CD052,Acropora sp,Acroporidae,Acropora,,Fig 6,
CD053,Montipora spp,Acroporidae,Montipora,,Fig 2,
CD053,Acropora spp,Acroporidae,Acropora,,Results 3.2.2 pg 109,
CD054,Montipora sp,Acroporidae,Montipora,,Results and Discussion pg 183,
CD054,Porites sp,Poritidae,Porites,,Results and Discussion pg 183,
CD054,Pocillopora sp,Pocilloporidae,Pocillopora,,Results and Discussion pg 183,
CD054,Acropora sp,Acroporidae,Acropora,,Results and Discussion pg 183,
CD055,Colpophyllia natans,Faviidae,Colpophyllia,,Methods pg 63,
CD055,Montastraea faveolata,Montastraeidae,Montastraea,,Methods pg 63,
CD055,Montastraea annularis,Montastraeidae,Montastraea,,Methods pg 63,
CD055,Diploria labyrinthiformis,Faviidae,Diploria,,Methods pg 63,
CD055,Diploria strigosa,Faviidae,Diploria,,Methods pg 63,
CD055,Stephanocoenia michelinii,Astrocoeniidae,Stephanocoenia,,Methods pg 63,
CD056,Acroporidae,Acroporidae,,,Figure 2,
CD056,Pocilloporidae,Pocilloporidae,,,Figure 2,
CD056,Oculiniidae,Oculinidae,,,Figure 2,
CD056,Merulinidae,Meurlinidae,,,Figure 2,
CD056,Poritidae,Poritidae,,,Figure 2,
CD056,Pectiniidae,,,,Figure 2,Name no longer used
CD056,Faviidae,Faviidae,,,Figure 2,
CD056,Montipora spp,Acroporidae,Montipora,,Figure 2,
CD057,Acropora cervicornis,Acroporidae,Acropora,,Table 7,
CD057,Acropora palmata,Acroporidae,Acropora,,Table 7,
CD057,Agaricia agaricites,Agariciidae,Agaricia,,Table 7,
CD057,Agaricia fragilis,Agariciidae,Agaricia,,Table 7,
CD057,Agaricia lamarcki,Agariciidae,Agaricia,,Table 7,
CD057,Cladocora arbuscula,Cladocoridae,Cladocora,,Table 7,
CD057,Colpophyllia natans,Faviidae,Colpophyllia,,Table 7,
CD057,Dendrogyra cylindrus,Meandrinidae,Dendrogyra,,Table 7,
CD057,Dichocoenia stokesi,Meandrinidae,Dichocoenia,,Table 7,
CD057,Diploria clivosa,Faviidae,Diploria,,Table 7,
CD057,Diploria labyrinthiformis,Faviidae,Diploria,,Table 7,
CD057,Diploria strigosa,Faviidae,Diploria,,Table 7,
CD057,Eusimilia fastigiata,Meandrinidae,Eusmilia,,Table 7,
CD057,Favia fragum,Faviidae,Favia,,Table 7,
CD057,Isophyllastraea rigida,Faviidae,Isophyllia,,Table 7,
CD057,Isophyllia sinuosa,Faviidae,Isophyllia,,Table 7,
CD057,Leptoseris cucullata,Agariciidae,Leptoseris,,Table 7,
CD057,Madracis decactis,Pocilloporidae,Madracis,,Table 7,
CD057,Madracis mirabilis,Pocilloporidae,Madracis,,Table 7,
CD057,Manicina areolata,Faviidae,Manicina,,Table 7,
CD057,Meandrina meandrites,Meandrinidae,Meandrina,,Table 7,
CD057,Millepora alcicornis,Milleporidae,Millepora,,Table 7,
CD057,Millepora complanata,Milleporidae,Millepora,,Table 7,
CD057,Montastraea annularis,Montastraeidae,Montastraea,,Table 7,
CD057,Montastraea cavernosa,Montastraeidae,Montastraea,,Table 7,
CD057,Mussa angulosa,Faviidae,Mussa,,Table 7,
CD057,Mycetophyllia aliciae,Faviidae,Mycetophyllia,,Table 7,
CD057,Mycetophyllia danaana,Faviidae,Mycetophyllia,,Table 7,
CD057,Mycetophyllia ferox,Faviidae,Mycetophyllia,,Table 7,
CD057,Mycetophyllia lamarckiana,Faviidae,Mycetophyllia,,Table 7,
CD057,Oculina diffusa,Oculinidae,Oculina,,Table 7,
CD057,Porites astreoides,Poritidae,Porites,,Table 7,
CD057,Porites branneri,Poritidae,Porites,,Table 7,
CD057,Porites porites,Poritidae,Porites,,Table 7,
CD057,Scolymia cubensis,Faviidae,Scolymia,,Table 7,
CD057,Scolymia lacera,Faviidae,Scolymia,,Table 7,
CD057,Siderastrea radians,Rhizangiidae,Siderastrea,,Table 7,
CD057,Siderastrea siderea,Rhizangiidae,Siderastrea,,Table 7,
CD057,Solenastrea bournoni,,Solenastrea,,Table 7,
CD057,Solenastrea hyades,,Solenastrea,,Table 7,
CD057,Stephanocoenia michelinii,Astrocoeniidae,Stephanocoenia,,Table 7,
CD058,Montastraea annularis complex,Montastraeidae,Montastraea,,Abstract,
CD058,Siderastrea siderea,Rhizangiidae,Siderastrea,,Abstract,
CD058,Stephanocoenia michelinii,Astrocoeniidae,Stephanocoenia,,Abstract,
CD059,Porites sp,Poritidae,Porites,,Introduction pg 2,
CD059,Porites lutea,Poritidae,Porites,,Introduction pg 2,
CD059,Porites solida,Poritidae,Porites,,Introduction pg 2,
CD059,Favia,Faviidae,Favia,,Introduction pg 2,
CD059,Favites,Merulinidae,Favites,,Introduction pg 2,
CD059,Platygyra,Merulinidae,Platygyra,,Introduction pg 2,
CD059,Goniastrea,Merulinidae,Goniastrea,,Introduction pg 2,
CD059,Acropora sp,Acroporidae,Acropora,,Introduction pg 2,
CD059,Heliopora sp,Helioporidae,Heliopora,,Introduction pg 2,
CD059,Fungiidae,Fungiidae,,,Introduction pg 2,
CD059,Faviidae,Faviidae,,,Introduction pg 2,
CD060,Dichocoenia stokesi,Meandrinidae,Dichocoenia,,Abstract,
CD061,Montipora,Acroporidae,Montipora,,Results pg 525,
CD061,Acropora,Acroporidae,Acropora,,Results pg 526,
CD061,Porites,Poritidae,Porites,,Results pg 527,
CD061,Millepora,Milleporidae,Millepora,,Results pg 527,
CD061,Stylophora/Faviid,,,,Results pg 527,
CD062,tabular Acropora,Acroporidae,Acropora,,Methods pg 2,
CD062,Acropora hyacinthus,Acroporidae,Acropora,,Methods pg 4,
CD062,Acropora cytherea,Acroporidae,Acropora,,Methods pg 4,
CD062,Acropora clathrata,Acroporidae,Acropora,,Methods pg 4,
CD062,Acropora glauca,Acroporidae,Acropora,,Methods pg 4,
CD062,Acropora microclados,Acroporidae,Acropora,,Methods pg 4,
CD062,Acropora subulata,Acroporidae,Acropora,,Methods pg 4,
CD062,Acropora anthoecercis,Acroporidae,Acropora,,Methods pg 4,
CD062,Acropora solitaryensis,Acroporidae,Acropora,,Methods pg 4,
CD062,Acropora granulosa,Acroporidae,Acropora,,Methods pg 4,
CD062,Acropora loripes,Acroporidae,Acropora,,Methods pg 4,
CD062,Acropora caroliniana,Acroporidae,Acropora,,Methods pg 4,
CD063,Porites sp,Poritidae,Porites,,Results pg 3,
CD063,Acropora sp,Acroporidae,Acropora,,Results pg 3,
CD065,Porites lutea,Poritidae,Porites,,Abstract,
CD066,Acropora,Acroporidae,Acropora,,Figure 2,
CD066,Astreopora,Acroporidae,Astreopora,,Figure 2,
CD066,Favia,Faviidae,Favia,,Figure 2,
CD066,Goniopora,Poritidae,Goniopora,,Figure 2,
CD066,Hydnophora,Merulinidae,Hydnophora,,Figure 2,
CD066,Montastrea,Montastraeidae,Montastraea,,Figure 2,
CD066,Platygyra,Merulinidae,Platygyra,,Figure 2,
CD066,Pocillopora,Pocilloporidae,Pocillopora,,Figure 2,
CD066,Porites,Poritidae,Porites,,Figure 2,
CD066,Fungia,Fungiidae,Fungia,,Table 3,
CD066,Galaxea,Euphylliidae,Galaxea,,Table 3,
CD066,Montipora,Acroporidae,Montipora,,Table 3,
CD066,Pavona,Agariciidae,Pavona,,Table 3,
CD066,Echinopora,Merulinidae,Echinopora,,Figure 3,
CD066,Diploastrea,Diploastreidae,Diploastrea,,Figure 4,
CD067,Montastraea faveolata,Montastraeidae,Montastraea,,Abstract,
CD068,Orbicella faveolata,Merulinidae,Astraea,,Abstract,
CD068,Orbicella franksi,Merulinidae,Astraea,,Abstract,
CD070,Acropora,Acroporidae,Acropora,,Results pg 65,
CD070,Porites,Poritidae,Porites,,Results pg 65,
CD070,Favia,Faviidae,Favia,,Results pg 65,
CD070,Goniastrea,Merulinidae,Goniastrea,,Results pg 65,
CD070,Platygyra,Merulinidae,Platygya,,Results pg 65,
CD034,Montastraea annularis,Montastraeidae,Montastraea,,Results pg 297,
CD034,Montastraea faveolata,Montastraeidae,Montastraea,,Results pg 297,
CD034,Montastraea franksi,Montastraeidae,Montastraea,,Results pg 297,
CD034,Agaricia spp,Agariciidae,Agaricia,,Results pg 297,
CD034,Agaricia fragilis,Agariciidae,Agaricia,,Results pg 297,
CD034,Agaricia grahamae,Agariciidae,Agaricia,,Results pg 297,
CD034,Agaricia humilis,Agariciidae,Agaricia,,Results pg 297,
CD034,Agaricia lamarcki,Agariciidae,Agaricia,,Results pg 297,
CD034,Montastraea annularis species complex,Montastraeidae,Montastraea,,Results pg 297,
CD034,Porites astreoides,Poritidae,Porites,,Table 3,
CD034,Agaricia agaricites,Agariciidae,Agaricia,,Table 3,
CD034,Montastraea cavernosa,Montastraeidae,Montastraea,,Table 3,
CD034,Siderastrea siderea,Rhizangiidae,Siderastrea,,Table 3,
CD034,Porites porites,Poritidae,Porites,,Table 3,
CD034,Stephanocoenia intersepta,Astrocoeniidae,Stephanocoenia,,Table 3,
CD034,Diploria labyrinthiformis,Faviidae,Diploria,,Table 3,
CD034,Mycetophyllia spp,Faviidae,Mycetophyllia,,Table 3,
CD034,Madracis formosa,Pocilloporidae,Madracis,,Table 3,
CD034,Colpophyllia natans,Faviidae,Colpophyllia,,Table 3,
CD034,Siderastrea radians,Rhizangiidae,Siderastrea,,Table 3,
CD034,Diploria strigosa,Faviidae,Diploria,,Table 3,
CD034,Madracis decactis,Pocilloporidae,Madracis,,Table 3,
CD034,Agaricia undata,Agariciidae,Agaricia,,Table 3,
CD034,Mycetophyllia aliciae,Faviidae,Mycetophyllia,,Table 3,
CD034,Manicina areolata,Faviidae,Manicina,,Table 3,
CD034,Mycetophyllia ferox,Faviidae,Mycetophyllia,,Table 3,
CD034,Eusmilia fastigiata,Meandrinidae,Eusmilia,,Table 3,
CD034,Millepora alcicornis,Milleporidae,Millepora,,Table 3,
CD071,Porites compressa,Poritidae,Porites,,Abstract,
CD078,NA,,,,,
CD106,Acropora,Acroporidae,Acropora,,Table S2,
CD106,Astreopora,Acroporidae,Astreopora,,Table S2,
CD106,Echinophyllia,Lobophylliidae,Echinophyllia,,Table S2,
CD106,Echinopora,Meurlinidae,Echinopora,,Table S2,
CD106,Favia,Faviidae,Favia,,Table S2,
CD106,Favites,Merulinidae,Favites,,Table S2,
CD106,Galaxea,Euphylliidae,Galaxea,,Table S2,
CD106,Goniastrea,Merulinidae,Goniastrea,,Table S2,
CD106,Hydnophora,Merulinidae,Hydnophora,,Table S2,
CD106,Leptoria,Merulinidae,Leptoria,,Table S2,
CD106,Lobophyllia,Lobophylliidae,Lobophyllia,,Table S2,
CD106,Montastraea,Montastraeidae,Montastraea,,Table S2,
CD106,Montipora,Acroporidae,Montipora,,Table S2,
CD106,Pachyseris,,Pachyseris,,Table S2,incertae sedis
CD106,Pavona,Agariciidae,Pavona,,Table S2,
CD106,Physogyra,Plerogyridae,Physogyra,,Table S2,
CD106,Platygyra,Merulinidae,Platygyra,,Table S2,
CD106,Pocillopora,Pocilloporidae,Pocillopora,,Table S2,
CD106,Porites,Poritidae,Porites,,Table S2,
CD106,Seriatopora,Pocilloporidae,Seriatopora,,Table S2,
CD106,Stylophora,Pocilloporidae,Stylophora,,Table S2,
CD106,Turbinaria,Dendrophylliidae,Turbinaria,,Table S2,
CD112,NA,,,,,
CD069,Porites sp,Poritidae,Porites,,Figure 5,
CD069,Montipora sp,Acroporidae,Montipora,,Figure 5,
CD069,Favites sp,Merulinidae,Favites,,Figure 5,
CD069,Acropora sp,Acroporidae,Acropora,,Figure 5,
CD069,Goniastrea sp,Merulinidae,Goniastrea,,Figure 5,
CD069,Pocillopora sp,Pocilloporidae,Pocillopora,,Figure 5,
